event_id,particle_id,truth_energy,truth_eta,truth_phi,eps,min_samples,candidate_dR,group_input_mode,n_input_hits,matched,failure_reason,n_clusters,n_noise_hits,noise_fraction,largest_cluster_label,largest_cluster_n_hits,largest_cluster_energy,chosen_cluster_label,chosen_cluster_n_hits,chosen_cluster_energy,chosen_is_largest,cluster_sizes
0,233,32.27399826049805,0.3122902388930224,-1.1670601308641846,0.04,2,0.25,nearby_all,1544,True,,4,2,0.0012953367875647669,0.0,1401,42.6111448624124,0.0,1401,42.6111448624124,True,"[1401, 136, 2, 3]"
0,233,32.27399826049805,0.3122902388930224,-1.1670601308641846,0.06,2,0.25,nearby_all,1544,True,,1,0,0.0,0.0,1544,46.42216311774064,0.0,1544,46.42216311774064,True,[1544]
0,233,32.27399826049805,0.3122902388930224,-1.1670601308641846,0.08,2,0.25,nearby_all,1544,True,,1,0,0.0,0.0,1544,46.42216311774064,0.0,1544,46.42216311774064,True,[1544]
0,233,32.27399826049805,0.3122902388930224,-1.1670601308641846,0.1,2,0.25,nearby_all,1544,True,,1,0,0.0,0.0,1544,46.42216311774064,0.0,1544,46.42216311774064,True,[1544]
0,233,32.27399826049805,0.3122902388930224,-1.1670601308641846,0.12,2,0.25,nearby_all,1544,True,,1,0,0.0,0.0,1544,46.42216311774064,0.0,1544,46.42216311774064,True,[1544]
0,234,92.30917358398438,0.8987790786317161,1.4989556560756263,0.04,2,0.25,nearby_all,2722,True,,5,3,0.0011021307861866275,0.0,2676,111.17042136662349,0.0,2676,111.17042136662349,True,"[2676, 24, 2, 14, 3]"
0,234,92.30917358398438,0.8987790786317161,1.4989556560756263,0.06,2,0.25,nearby_all,2722,True,,2,0,0.0,0.0,2720,111.97221972768602,0.0,2720,111.97221972768602,True,"[2720, 2]"
0,234,92.30917358398438,0.8987790786317161,1.4989556560756263,0.08,2,0.25,nearby_all,2722,True,,1,0,0.0,0.0,2722,111.97820595114536,0.0,2722,111.97820595114536,True,[2722]
0,234,92.30917358398438,0.8987790786317161,1.4989556560756263,0.1,2,0.25,nearby_all,2722,True,,1,0,0.0,0.0,2722,111.97820595114536,0.0,2722,111.97820595114536,True,[2722]
0,234,92.30917358398438,0.8987790786317161,1.4989556560756263,0.12,2,0.25,nearby_all,2722,True,,1,0,0.0,0.0,2722,111.97820595114536,0.0,2722,111.97820595114536,True,[2722]
1,244,185.7984619140625,1.914115909980456,-0.4866983518505037,0.04,2,0.25,nearby_all,6463,True,,1,0,0.0,0.0,6463,268.80912550492286,0.0,6463,268.80912550492286,True,[6463]
1,244,185.7984619140625,1.914115909980456,-0.4866983518505037,0.06,2,0.25,nearby_all,6463,True,,1,0,0.0,0.0,6463,268.80912550492286,0.0,6463,268.80912550492286,True,[6463]
1,244,185.7984619140625,1.914115909980456,-0.4866983518505037,0.08,2,0.25,nearby_all,6463,True,,1,0,0.0,0.0,6463,268.80912550492286,0.0,6463,268.80912550492286,True,[6463]
1,244,185.7984619140625,1.914115909980456,-0.4866983518505037,0.1,2,0.25,nearby_all,6463,True,,1,0,0.0,0.0,6463,268.80912550492286,0.0,6463,268.80912550492286,True,[6463]
1,244,185.7984619140625,1.914115909980456,-0.4866983518505037,0.12,2,0.25,nearby_all,6463,True,,1,0,0.0,0.0,6463,268.80912550492286,0.0,6463,268.80912550492286,True,[6463]
1,248,274.86810302734375,2.8185930013278067,2.7249172942859903,0.04,2,0.25,nearby_all,8986,True,,1,0,0.0,0.0,8986,442.13810066388,0.0,8986,442.13810066388,True,[8986]
1,248,274.86810302734375,2.8185930013278067,2.7249172942859903,0.06,2,0.25,nearby_all,8986,True,,1,0,0.0,0.0,8986,442.13810066388,0.0,8986,442.13810066388,True,[8986]
1,248,274.86810302734375,2.8185930013278067,2.7249172942859903,0.08,2,0.25,nearby_all,8986,True,,1,0,0.0,0.0,8986,442.13810066388,0.0,8986,442.13810066388,True,[8986]
1,248,274.86810302734375,2.8185930013278067,2.7249172942859903,0.1,2,0.25,nearby_all,8986,True,,1,0,0.0,0.0,8986,442.13810066388,0.0,8986,442.13810066388,True,[8986]
1,248,274.86810302734375,2.8185930013278067,2.7249172942859903,0.12,2,0.25,nearby_all,8986,True,,1,0,0.0,0.0,8986,442.13810066388,0.0,8986,442.13810066388,True,[8986]
2,138,37.751976013183594,2.2252295277863894,-1.6665479905882234,0.04,2,0.25,nearby_all,7800,True,,1,0,0.0,0.0,7800,208.25069523775457,0.0,7800,208.25069523775457,True,[7800]
2,138,37.751976013183594,2.2252295277863894,-1.6665479905882234,0.06,2,0.25,nearby_all,7800,True,,1,0,0.0,0.0,7800,208.25069523775457,0.0,7800,208.25069523775457,True,[7800]
2,138,37.751976013183594,2.2252295277863894,-1.6665479905882234,0.08,2,0.25,nearby_all,7800,True,,1,0,0.0,0.0,7800,208.25069523775457,0.0,7800,208.25069523775457,True,[7800]
2,138,37.751976013183594,2.2252295277863894,-1.6665479905882234,0.1,2,0.25,nearby_all,7800,True,,1,0,0.0,0.0,7800,208.25069523775457,0.0,7800,208.25069523775457,True,[7800]
2,138,37.751976013183594,2.2252295277863894,-1.6665479905882234,0.12,2,0.25,nearby_all,7800,True,,1,0,0.0,0.0,7800,208.25069523775457,0.0,7800,208.25069523775457,True,[7800]
2,139,57.02202606201172,-1.8751845654339019,2.464996342030318,0.04,2,0.25,nearby_all,5288,True,,1,0,0.0,0.0,5288,154.51833367070176,0.0,5288,154.51833367070176,True,[5288]
2,139,57.02202606201172,-1.8751845654339019,2.464996342030318,0.06,2,0.25,nearby_all,5288,True,,1,0,0.0,0.0,5288,154.51833367070176,0.0,5288,154.51833367070176,True,[5288]
2,139,57.02202606201172,-1.8751845654339019,2.464996342030318,0.08,2,0.25,nearby_all,5288,True,,1,0,0.0,0.0,5288,154.51833367070176,0.0,5288,154.51833367070176,True,[5288]
2,139,57.02202606201172,-1.8751845654339019,2.464996342030318,0.1,2,0.25,nearby_all,5288,True,,1,0,0.0,0.0,5288,154.51833367070176,0.0,5288,154.51833367070176,True,[5288]
2,139,57.02202606201172,-1.8751845654339019,2.464996342030318,0.12,2,0.25,nearby_all,5288,True,,1,0,0.0,0.0,5288,154.51833367070176,0.0,5288,154.51833367070176,True,[5288]
3,345,511.27825927734375,3.257847476673682,-0.15082386152624072,0.04,2,0.25,nearby_all,871,True,,3,0,0.0,0.0,799,376.5694016428726,0.0,799,376.5694016428726,True,"[799, 44, 28]"
3,345,511.27825927734375,3.257847476673682,-0.15082386152624072,0.06,2,0.25,nearby_all,871,True,,3,0,0.0,0.0,799,376.5694016428726,0.0,799,376.5694016428726,True,"[799, 44, 28]"
3,345,511.27825927734375,3.257847476673682,-0.15082386152624072,0.08,2,0.25,nearby_all,871,True,,1,0,0.0,0.0,871,397.87556326459196,0.0,871,397.87556326459196,True,[871]
3,345,511.27825927734375,3.257847476673682,-0.15082386152624072,0.1,2,0.25,nearby_all,871,True,,1,0,0.0,0.0,871,397.87556326459196,0.0,871,397.87556326459196,True,[871]
3,345,511.27825927734375,3.257847476673682,-0.15082386152624072,0.12,2,0.25,nearby_all,871,True,,1,0,0.0,0.0,871,397.87556326459196,0.0,871,397.87556326459196,True,[871]
3,347,44.06303405761719,1.1742144319138839,-1.9373138957804508,0.04,2,0.25,nearby_all,2827,True,,4,0,0.0,0.0,2799,81.12015970720385,0.0,2799,81.12015970720385,True,"[2799, 9, 16, 3]"
3,347,44.06303405761719,1.1742144319138839,-1.9373138957804508,0.06,2,0.25,nearby_all,2827,True,,1,0,0.0,0.0,2827,81.92969715859071,0.0,2827,81.92969715859071,True,[2827]
3,347,44.06303405761719,1.1742144319138839,-1.9373138957804508,0.08,2,0.25,nearby_all,2827,True,,1,0,0.0,0.0,2827,81.92969715859071,0.0,2827,81.92969715859071,True,[2827]
3,347,44.06303405761719,1.1742144319138839,-1.9373138957804508,0.1,2,0.25,nearby_all,2827,True,,1,0,0.0,0.0,2827,81.92969715859071,0.0,2827,81.92969715859071,True,[2827]
3,347,44.06303405761719,1.1742144319138839,-1.9373138957804508,0.12,2,0.25,nearby_all,2827,True,,1,0,0.0,0.0,2827,81.92969715859071,0.0,2827,81.92969715859071,True,[2827]
4,193,72.88250732421875,-2.1378411256496963,1.125994495594385,0.04,2,0.25,nearby_all,7344,True,,1,0,0.0,0.0,7344,208.42471905664536,0.0,7344,208.42471905664536,True,[7344]
4,193,72.88250732421875,-2.1378411256496963,1.125994495594385,0.06,2,0.25,nearby_all,7344,True,,1,0,0.0,0.0,7344,208.42471905664536,0.0,7344,208.42471905664536,True,[7344]
4,193,72.88250732421875,-2.1378411256496963,1.125994495594385,0.08,2,0.25,nearby_all,7344,True,,1,0,0.0,0.0,7344,208.42471905664536,0.0,7344,208.42471905664536,True,[7344]
4,193,72.88250732421875,-2.1378411256496963,1.125994495594385,0.1,2,0.25,nearby_all,7344,True,,1,0,0.0,0.0,7344,208.42471905664536,0.0,7344,208.42471905664536,True,[7344]
4,193,72.88250732421875,-2.1378411256496963,1.125994495594385,0.12,2,0.25,nearby_all,7344,True,,1,0,0.0,0.0,7344,208.42471905664536,0.0,7344,208.42471905664536,True,[7344]
4,196,10.961793899536133,-0.09887885671425835,-1.9563827377739673,0.04,2,0.25,nearby_all,2090,True,,2,1,0.0004784688995215311,0.0,1938,40.44441485003517,0.0,1938,40.44441485003517,True,"[1938, 151]"
4,196,10.961793899536133,-0.09887885671425835,-1.9563827377739673,0.06,2,0.25,nearby_all,2090,True,,1,0,0.0,0.0,2090,43.30346675155852,0.0,2090,43.30346675155852,True,[2090]
4,196,10.961793899536133,-0.09887885671425835,-1.9563827377739673,0.08,2,0.25,nearby_all,2090,True,,1,0,0.0,0.0,2090,43.30346675155852,0.0,2090,43.30346675155852,True,[2090]
4,196,10.961793899536133,-0.09887885671425835,-1.9563827377739673,0.1,2,0.25,nearby_all,2090,True,,1,0,0.0,0.0,2090,43.30346675155852,0.0,2090,43.30346675155852,True,[2090]
4,196,10.961793899536133,-0.09887885671425835,-1.9563827377739673,0.12,2,0.25,nearby_all,2090,True,,1,0,0.0,0.0,2090,43.30346675155852,0.0,2090,43.30346675155852,True,[2090]
5,69,21.35725975036621,0.8635930746277929,2.5744402750329005,0.04,2,0.25,nearby_all,2134,True,,1,0,0.0,0.0,2134,53.423047996793684,0.0,2134,53.423047996793684,True,[2134]
5,69,21.35725975036621,0.8635930746277929,2.5744402750329005,0.06,2,0.25,nearby_all,2134,True,,1,0,0.0,0.0,2134,53.423047996793684,0.0,2134,53.423047996793684,True,[2134]
5,69,21.35725975036621,0.8635930746277929,2.5744402750329005,0.08,2,0.25,nearby_all,2134,True,,1,0,0.0,0.0,2134,53.423047996793684,0.0,2134,53.423047996793684,True,[2134]
5,69,21.35725975036621,0.8635930746277929,2.5744402750329005,0.1,2,0.25,nearby_all,2134,True,,1,0,0.0,0.0,2134,53.423047996793684,0.0,2134,53.423047996793684,True,[2134]
5,69,21.35725975036621,0.8635930746277929,2.5744402750329005,0.12,2,0.25,nearby_all,2134,True,,1,0,0.0,0.0,2134,53.423047996793684,0.0,2134,53.423047996793684,True,[2134]
5,70,51.90724182128906,-1.8584831673518456,-0.5986100804695718,0.04,2,0.25,nearby_all,5738,True,,1,0,0.0,0.0,5738,153.1911311829943,0.0,5738,153.1911311829943,True,[5738]
5,70,51.90724182128906,-1.8584831673518456,-0.5986100804695718,0.06,2,0.25,nearby_all,5738,True,,1,0,0.0,0.0,5738,153.1911311829943,0.0,5738,153.1911311829943,True,[5738]
5,70,51.90724182128906,-1.8584831673518456,-0.5986100804695718,0.08,2,0.25,nearby_all,5738,True,,1,0,0.0,0.0,5738,153.1911311829943,0.0,5738,153.1911311829943,True,[5738]
5,70,51.90724182128906,-1.8584831673518456,-0.5986100804695718,0.1,2,0.25,nearby_all,5738,True,,1,0,0.0,0.0,5738,153.1911311829943,0.0,5738,153.1911311829943,True,[5738]
5,70,51.90724182128906,-1.8584831673518456,-0.5986100804695718,0.12,2,0.25,nearby_all,5738,True,,1,0,0.0,0.0,5738,153.1911311829943,0.0,5738,153.1911311829943,True,[5738]
6,652,410.17657470703125,-2.691082006783948,-2.303283408176336,0.04,2,0.25,nearby_all,13097,True,,1,0,0.0,0.0,13097,673.0431829802936,0.0,13097,673.0431829802936,True,[13097]
6,652,410.17657470703125,-2.691082006783948,-2.303283408176336,0.06,2,0.25,nearby_all,13097,True,,1,0,0.0,0.0,13097,673.0431829802936,0.0,13097,673.0431829802936,True,[13097]
6,652,410.17657470703125,-2.691082006783948,-2.303283408176336,0.08,2,0.25,nearby_all,13097,True,,1,0,0.0,0.0,13097,673.0431829802936,0.0,13097,673.0431829802936,True,[13097]
6,652,410.17657470703125,-2.691082006783948,-2.303283408176336,0.1,2,0.25,nearby_all,13097,True,,1,0,0.0,0.0,13097,673.0431829802936,0.0,13097,673.0431829802936,True,[13097]
6,652,410.17657470703125,-2.691082006783948,-2.303283408176336,0.12,2,0.25,nearby_all,13097,True,,1,0,0.0,0.0,13097,673.0431829802936,0.0,13097,673.0431829802936,True,[13097]
6,654,333.3797912597656,-2.910667882298986,1.2789788170138587,0.04,2,0.25,nearby_all,10520,True,,1,0,0.0,0.0,10520,569.5966123792853,0.0,10520,569.5966123792853,True,[10520]
6,654,333.3797912597656,-2.910667882298986,1.2789788170138587,0.06,2,0.25,nearby_all,10520,True,,1,0,0.0,0.0,10520,569.5966123792853,0.0,10520,569.5966123792853,True,[10520]
6,654,333.3797912597656,-2.910667882298986,1.2789788170138587,0.08,2,0.25,nearby_all,10520,True,,1,0,0.0,0.0,10520,569.5966123792853,0.0,10520,569.5966123792853,True,[10520]
6,654,333.3797912597656,-2.910667882298986,1.2789788170138587,0.1,2,0.25,nearby_all,10520,True,,1,0,0.0,0.0,10520,569.5966123792853,0.0,10520,569.5966123792853,True,[10520]
6,654,333.3797912597656,-2.910667882298986,1.2789788170138587,0.12,2,0.25,nearby_all,10520,True,,1,0,0.0,0.0,10520,569.5966123792853,0.0,10520,569.5966123792853,True,[10520]
7,144,0.3210046887397766,-0.66075618228635,1.8078725015508998,0.04,2,0.25,nearby_all,2589,True,,1,0,0.0,0.0,2589,50.04994727749363,0.0,2589,50.04994727749363,True,[2589]
7,144,0.3210046887397766,-0.66075618228635,1.8078725015508998,0.06,2,0.25,nearby_all,2589,True,,1,0,0.0,0.0,2589,50.04994727749363,0.0,2589,50.04994727749363,True,[2589]
7,144,0.3210046887397766,-0.66075618228635,1.8078725015508998,0.08,2,0.25,nearby_all,2589,True,,1,0,0.0,0.0,2589,50.04994727749363,0.0,2589,50.04994727749363,True,[2589]
7,144,0.3210046887397766,-0.66075618228635,1.8078725015508998,0.1,2,0.25,nearby_all,2589,True,,1,0,0.0,0.0,2589,50.04994727749363,0.0,2589,50.04994727749363,True,[2589]
7,144,0.3210046887397766,-0.66075618228635,1.8078725015508998,0.12,2,0.25,nearby_all,2589,True,,1,0,0.0,0.0,2589,50.04994727749363,0.0,2589,50.04994727749363,True,[2589]
7,145,0.7427677512168884,-1.1910697151329694,1.7003091708785896,0.04,2,0.25,nearby_all,2201,True,,1,0,0.0,0.0,2201,52.82098220236003,0.0,2201,52.82098220236003,True,[2201]
7,145,0.7427677512168884,-1.1910697151329694,1.7003091708785896,0.06,2,0.25,nearby_all,2201,True,,1,0,0.0,0.0,2201,52.82098220236003,0.0,2201,52.82098220236003,True,[2201]
7,145,0.7427677512168884,-1.1910697151329694,1.7003091708785896,0.08,2,0.25,nearby_all,2201,True,,1,0,0.0,0.0,2201,52.82098220236003,0.0,2201,52.82098220236003,True,[2201]
7,145,0.7427677512168884,-1.1910697151329694,1.7003091708785896,0.1,2,0.25,nearby_all,2201,True,,1,0,0.0,0.0,2201,52.82098220236003,0.0,2201,52.82098220236003,True,[2201]
7,145,0.7427677512168884,-1.1910697151329694,1.7003091708785896,0.12,2,0.25,nearby_all,2201,True,,1,0,0.0,0.0,2201,52.82098220236003,0.0,2201,52.82098220236003,True,[2201]
7,182,380.6821594238281,-4.730720833051846,-0.40720401917157695,0.04,2,0.25,nearby_all,0,False,too_few_input_hits,0,0,,,0,0.0,,0,0.0,,[]
7,182,380.6821594238281,-4.730720833051846,-0.40720401917157695,0.06,2,0.25,nearby_all,0,False,too_few_input_hits,0,0,,,0,0.0,,0,0.0,,[]
7,182,380.6821594238281,-4.730720833051846,-0.40720401917157695,0.08,2,0.25,nearby_all,0,False,too_few_input_hits,0,0,,,0,0.0,,0,0.0,,[]
7,182,380.6821594238281,-4.730720833051846,-0.40720401917157695,0.1,2,0.25,nearby_all,0,False,too_few_input_hits,0,0,,,0,0.0,,0,0.0,,[]
7,182,380.6821594238281,-4.730720833051846,-0.40720401917157695,0.12,2,0.25,nearby_all,0,False,too_few_input_hits,0,0,,,0,0.0,,0,0.0,,[]
7,184,10.487838745117188,0.022046785668297132,2.969617733707229,0.04,2,0.25,nearby_all,1779,True,,2,0,0.0,0.0,1700,36.767927977834916,0.0,1700,36.767927977834916,True,"[1700, 79]"
7,184,10.487838745117188,0.022046785668297132,2.969617733707229,0.06,2,0.25,nearby_all,1779,True,,1,0,0.0,0.0,1779,38.35633002932809,0.0,1779,38.35633002932809,True,[1779]
7,184,10.487838745117188,0.022046785668297132,2.969617733707229,0.08,2,0.25,nearby_all,1779,True,,1,0,0.0,0.0,1779,38.35633002932809,0.0,1779,38.35633002932809,True,[1779]
7,184,10.487838745117188,0.022046785668297132,2.969617733707229,0.1,2,0.25,nearby_all,1779,True,,1,0,0.0,0.0,1779,38.35633002932809,0.0,1779,38.35633002932809,True,[1779]
7,184,10.487838745117188,0.022046785668297132,2.969617733707229,0.12,2,0.25,nearby_all,1779,True,,1,0,0.0,0.0,1779,38.35633002932809,0.0,1779,38.35633002932809,True,[1779]
8,156,76.90438079833984,-1.1188814525523567,-2.214832518606706,0.04,2,0.25,nearby_all,3122,True,,1,0,0.0,0.0,3122,108.72159956721845,0.0,3122,108.72159956721845,True,[3122]
8,156,76.90438079833984,-1.1188814525523567,-2.214832518606706,0.06,2,0.25,nearby_all,3122,True,,1,0,0.0,0.0,3122,108.72159956721845,0.0,3122,108.72159956721845,True,[3122]
8,156,76.90438079833984,-1.1188814525523567,-2.214832518606706,0.08,2,0.25,nearby_all,3122,True,,1,0,0.0,0.0,3122,108.72159956721845,0.0,3122,108.72159956721845,True,[3122]
8,156,76.90438079833984,-1.1188814525523567,-2.214832518606706,0.1,2,0.25,nearby_all,3122,True,,1,0,0.0,0.0,3122,108.72159956721845,0.0,3122,108.72159956721845,True,[3122]
8,156,76.90438079833984,-1.1188814525523567,-2.214832518606706,0.12,2,0.25,nearby_all,3122,True,,1,0,0.0,0.0,3122,108.72159956721845,0.0,3122,108.72159956721845,True,[3122]
8,157,121.02465057373047,-1.7299950847823828,1.0723789435654127,0.04,2,0.25,nearby_all,5100,True,,1,0,0.0,0.0,5100,194.7746265980037,0.0,5100,194.7746265980037,True,[5100]
8,157,121.02465057373047,-1.7299950847823828,1.0723789435654127,0.06,2,0.25,nearby_all,5100,True,,1,0,0.0,0.0,5100,194.7746265980037,0.0,5100,194.7746265980037,True,[5100]
8,157,121.02465057373047,-1.7299950847823828,1.0723789435654127,0.08,2,0.25,nearby_all,5100,True,,1,0,0.0,0.0,5100,194.7746265980037,0.0,5100,194.7746265980037,True,[5100]
8,157,121.02465057373047,-1.7299950847823828,1.0723789435654127,0.1,2,0.25,nearby_all,5100,True,,1,0,0.0,0.0,5100,194.7746265980037,0.0,5100,194.7746265980037,True,[5100]
8,157,121.02465057373047,-1.7299950847823828,1.0723789435654127,0.12,2,0.25,nearby_all,5100,True,,1,0,0.0,0.0,5100,194.7746265980037,0.0,5100,194.7746265980037,True,[5100]
9,357,102.61734771728516,-3.330180767146474,-2.3596209147337395,0.04,2,0.25,nearby_all,362,True,,6,0,0.0,1.0,91,20.035701722386875,2.0,65,57.44919739069009,False,"[54, 91, 65, 67, 66, 19]"
9,357,102.61734771728516,-3.330180767146474,-2.3596209147337395,0.06,2,0.25,nearby_all,362,True,,3,0,0.0,1.0,158,39.01242906131665,2.0,65,57.44919739069009,False,"[139, 158, 65]"
9,357,102.61734771728516,-3.330180767146474,-2.3596209147337395,0.08,2,0.25,nearby_all,362,True,,1,0,0.0,0.0,362,131.12841573968763,0.0,362,131.12841573968763,True,[362]
9,357,102.61734771728516,-3.330180767146474,-2.3596209147337395,0.1,2,0.25,nearby_all,362,True,,1,0,0.0,0.0,362,131.12841573968763,0.0,362,131.12841573968763,True,[362]
9,357,102.61734771728516,-3.330180767146474,-2.3596209147337395,0.12,2,0.25,nearby_all,362,True,,1,0,0.0,0.0,362,131.12841573968763,0.0,362,131.12841573968763,True,[362]
9,358,26.86075210571289,-0.6340644304441577,-2.512405331556623,0.04,2,0.25,nearby_all,1983,True,,1,2,0.0010085728693898135,0.0,1981,53.97216327321985,0.0,1981,53.97216327321985,True,[1981]
9,358,26.86075210571289,-0.6340644304441577,-2.512405331556623,0.06,2,0.25,nearby_all,1983,True,,1,0,0.0,0.0,1983,53.97843313569865,0.0,1983,53.97843313569865,True,[1983]
9,358,26.86075210571289,-0.6340644304441577,-2.512405331556623,0.08,2,0.25,nearby_all,1983,True,,1,0,0.0,0.0,1983,53.97843313569865,0.0,1983,53.97843313569865,True,[1983]
9,358,26.86075210571289,-0.6340644304441577,-2.512405331556623,0.1,2,0.25,nearby_all,1983,True,,1,0,0.0,0.0,1983,53.97843313569865,0.0,1983,53.97843313569865,True,[1983]
9,358,26.86075210571289,-0.6340644304441577,-2.512405331556623,0.12,2,0.25,nearby_all,1983,True,,1,0,0.0,0.0,1983,53.97843313569865,0.0,1983,53.97843313569865,True,[1983]
10,174,551.8514404296875,-3.379064817984229,0.708564146923978,0.04,2,0.25,nearby_all,270,True,,6,0,0.0,0.0,101,20.008174532363775,3.0,54,140.1197576403676,False,"[101, 51, 38, 54, 14, 12]"
10,174,551.8514404296875,-3.379064817984229,0.708564146923978,0.06,2,0.25,nearby_all,270,True,,5,0,0.0,0.0,155,160.12793217273136,0.0,155,160.12793217273136,True,"[155, 51, 38, 14, 12]"
10,174,551.8514404296875,-3.379064817984229,0.708564146923978,0.08,2,0.25,nearby_all,270,True,,1,0,0.0,0.0,270,209.45323045788098,0.0,270,209.45323045788098,True,[270]
10,174,551.8514404296875,-3.379064817984229,0.708564146923978,0.1,2,0.25,nearby_all,270,True,,1,0,0.0,0.0,270,209.45323045788098,0.0,270,209.45323045788098,True,[270]
10,174,551.8514404296875,-3.379064817984229,0.708564146923978,0.12,2,0.25,nearby_all,270,True,,1,0,0.0,0.0,270,209.45323045788098,0.0,270,209.45323045788098,True,[270]
10,175,583.50732421875,-3.123642524453799,-2.5968082473717238,0.04,2,0.25,nearby_all,3278,True,,1,0,0.0,0.0,3278,433.7870301457551,0.0,3278,433.7870301457551,True,[3278]
10,175,583.50732421875,-3.123642524453799,-2.5968082473717238,0.06,2,0.25,nearby_all,3278,True,,1,0,0.0,0.0,3278,433.7870301457551,0.0,3278,433.7870301457551,True,[3278]
10,175,583.50732421875,-3.123642524453799,-2.5968082473717238,0.08,2,0.25,nearby_all,3278,True,,1,0,0.0,0.0,3278,433.7870301457551,0.0,3278,433.7870301457551,True,[3278]
10,175,583.50732421875,-3.123642524453799,-2.5968082473717238,0.1,2,0.25,nearby_all,3278,True,,1,0,0.0,0.0,3278,433.7870301457551,0.0,3278,433.7870301457551,True,[3278]
10,175,583.50732421875,-3.123642524453799,-2.5968082473717238,0.12,2,0.25,nearby_all,3278,True,,1,0,0.0,0.0,3278,433.7870301457551,0.0,3278,433.7870301457551,True,[3278]
11,288,90.68218994140625,-1.5255346632732196,-0.42072258042361205,0.04,2,0.25,nearby_all,4123,True,,1,0,0.0,0.0,4123,141.455421736736,0.0,4123,141.455421736736,True,[4123]
11,288,90.68218994140625,-1.5255346632732196,-0.42072258042361205,0.06,2,0.25,nearby_all,4123,True,,1,0,0.0,0.0,4123,141.455421736736,0.0,4123,141.455421736736,True,[4123]
11,288,90.68218994140625,-1.5255346632732196,-0.42072258042361205,0.08,2,0.25,nearby_all,4123,True,,1,0,0.0,0.0,4123,141.455421736736,0.0,4123,141.455421736736,True,[4123]
11,288,90.68218994140625,-1.5255346632732196,-0.42072258042361205,0.1,2,0.25,nearby_all,4123,True,,1,0,0.0,0.0,4123,141.455421736736,0.0,4123,141.455421736736,True,[4123]
11,288,90.68218994140625,-1.5255346632732196,-0.42072258042361205,0.12,2,0.25,nearby_all,4123,True,,1,0,0.0,0.0,4123,141.455421736736,0.0,4123,141.455421736736,True,[4123]
11,289,20.26112937927246,0.5850095969021591,2.8860924450085657,0.04,2,0.25,nearby_all,2229,True,,1,1,0.00044863167339614175,0.0,2228,49.54727733465916,0.0,2228,49.54727733465916,True,[2228]
11,289,20.26112937927246,0.5850095969021591,2.8860924450085657,0.06,2,0.25,nearby_all,2229,True,,1,0,0.0,0.0,2229,49.54949754323934,0.0,2229,49.54949754323934,True,[2229]
11,289,20.26112937927246,0.5850095969021591,2.8860924450085657,0.08,2,0.25,nearby_all,2229,True,,1,0,0.0,0.0,2229,49.54949754323934,0.0,2229,49.54949754323934,True,[2229]
11,289,20.26112937927246,0.5850095969021591,2.8860924450085657,0.1,2,0.25,nearby_all,2229,True,,1,0,0.0,0.0,2229,49.54949754323934,0.0,2229,49.54949754323934,True,[2229]
11,289,20.26112937927246,0.5850095969021591,2.8860924450085657,0.12,2,0.25,nearby_all,2229,True,,1,0,0.0,0.0,2229,49.54949754323934,0.0,2229,49.54949754323934,True,[2229]
12,185,2.1893374919891357,-0.3710392068950204,1.199718700103177,0.04,2,0.25,nearby_all,1453,True,,1,1,0.0006882312456985547,0.0,1452,27.53164865292092,0.0,1452,27.53164865292092,True,[1452]
12,185,2.1893374919891357,-0.3710392068950204,1.199718700103177,0.06,2,0.25,nearby_all,1453,True,,1,1,0.0006882312456985547,0.0,1452,27.53164865292092,0.0,1452,27.53164865292092,True,[1452]
12,185,2.1893374919891357,-0.3710392068950204,1.199718700103177,0.08,2,0.25,nearby_all,1453,True,,1,0,0.0,0.0,1453,27.544072550781493,0.0,1453,27.544072550781493,True,[1453]
12,185,2.1893374919891357,-0.3710392068950204,1.199718700103177,0.1,2,0.25,nearby_all,1453,True,,1,0,0.0,0.0,1453,27.544072550781493,0.0,1453,27.544072550781493,True,[1453]
12,185,2.1893374919891357,-0.3710392068950204,1.199718700103177,0.12,2,0.25,nearby_all,1453,True,,1,0,0.0,0.0,1453,27.544072550781493,0.0,1453,27.544072550781493,True,[1453]
12,189,251.53709411621094,3.4128497145797807,1.1825018773918625,0.04,2,0.25,nearby_all,185,True,,7,0,0.0,3.0,42,14.304821118336987,2.0,40,9.734667541598903,False,"[24, 35, 40, 42, 28, 9, 7]"
12,189,251.53709411621094,3.4128497145797807,1.1825018773918625,0.06,2,0.25,nearby_all,185,True,,5,0,0.0,2.0,70,20.760822236226524,1.0,40,9.734667541598903,False,"[59, 40, 70, 9, 7]"
12,189,251.53709411621094,3.4128497145797807,1.1825018773918625,0.08,2,0.25,nearby_all,185,True,,1,0,0.0,0.0,185,44.82966512945423,0.0,185,44.82966512945423,True,[185]
12,189,251.53709411621094,3.4128497145797807,1.1825018773918625,0.1,2,0.25,nearby_all,185,True,,1,0,0.0,0.0,185,44.82966512945423,0.0,185,44.82966512945423,True,[185]
12,189,251.53709411621094,3.4128497145797807,1.1825018773918625,0.12,2,0.25,nearby_all,185,True,,1,0,0.0,0.0,185,44.82966512945423,0.0,185,44.82966512945423,True,[185]
13,295,25.8580379486084,-0.23044105493767453,-2.2374461027483665,0.04,2,0.25,nearby_all,2380,True,,2,0,0.0,0.0,2261,55.85291024005528,0.0,2261,55.85291024005528,True,"[2261, 119]"
13,295,25.8580379486084,-0.23044105493767453,-2.2374461027483665,0.06,2,0.25,nearby_all,2380,True,,1,0,0.0,0.0,2380,57.86156855871923,0.0,2380,57.86156855871923,True,[2380]
13,295,25.8580379486084,-0.23044105493767453,-2.2374461027483665,0.08,2,0.25,nearby_all,2380,True,,1,0,0.0,0.0,2380,57.86156855871923,0.0,2380,57.86156855871923,True,[2380]
13,295,25.8580379486084,-0.23044105493767453,-2.2374461027483665,0.1,2,0.25,nearby_all,2380,True,,1,0,0.0,0.0,2380,57.86156855871923,0.0,2380,57.86156855871923,True,[2380]
13,295,25.8580379486084,-0.23044105493767453,-2.2374461027483665,0.12,2,0.25,nearby_all,2380,True,,1,0,0.0,0.0,2380,57.86156855871923,0.0,2380,57.86156855871923,True,[2380]
13,303,36.67327880859375,-1.012758072850385,0.4329709983803839,0.04,2,0.25,nearby_all,2731,True,,2,0,0.0,0.0,2696,71.99992828002505,0.0,2696,71.99992828002505,True,"[2696, 35]"
13,303,36.67327880859375,-1.012758072850385,0.4329709983803839,0.06,2,0.25,nearby_all,2731,True,,1,0,0.0,0.0,2731,72.68062201981192,0.0,2731,72.68062201981192,True,[2731]
13,303,36.67327880859375,-1.012758072850385,0.4329709983803839,0.08,2,0.25,nearby_all,2731,True,,1,0,0.0,0.0,2731,72.68062201981192,0.0,2731,72.68062201981192,True,[2731]
13,303,36.67327880859375,-1.012758072850385,0.4329709983803839,0.1,2,0.25,nearby_all,2731,True,,1,0,0.0,0.0,2731,72.68062201981192,0.0,2731,72.68062201981192,True,[2731]
13,303,36.67327880859375,-1.012758072850385,0.4329709983803839,0.12,2,0.25,nearby_all,2731,True,,1,0,0.0,0.0,2731,72.68062201981192,0.0,2731,72.68062201981192,True,[2731]
14,439,5.869543075561523,0.6557339794432561,-3.069988026953719,0.04,2,0.25,nearby_all,1683,True,,3,2,0.0011883541295306002,0.0,1674,31.981339857966304,0.0,1674,31.981339857966304,True,"[1674, 5, 2]"
14,439,5.869543075561523,0.6557339794432561,-3.069988026953719,0.06,2,0.25,nearby_all,1683,True,,1,0,0.0,0.0,1683,32.094037393007966,0.0,1683,32.094037393007966,True,[1683]
14,439,5.869543075561523,0.6557339794432561,-3.069988026953719,0.08,2,0.25,nearby_all,1683,True,,1,0,0.0,0.0,1683,32.094037393007966,0.0,1683,32.094037393007966,True,[1683]
14,439,5.869543075561523,0.6557339794432561,-3.069988026953719,0.1,2,0.25,nearby_all,1683,True,,1,0,0.0,0.0,1683,32.094037393007966,0.0,1683,32.094037393007966,True,[1683]
14,439,5.869543075561523,0.6557339794432561,-3.069988026953719,0.12,2,0.25,nearby_all,1683,True,,1,0,0.0,0.0,1683,32.094037393007966,0.0,1683,32.094037393007966,True,[1683]
14,560,152.41116333007812,3.921794780845022,-2.401791376979442,0.04,2,0.25,nearby_all,0,False,too_few_input_hits,0,0,,,0,0.0,,0,0.0,,[]
14,560,152.41116333007812,3.921794780845022,-2.401791376979442,0.06,2,0.25,nearby_all,0,False,too_few_input_hits,0,0,,,0,0.0,,0,0.0,,[]
14,560,152.41116333007812,3.921794780845022,-2.401791376979442,0.08,2,0.25,nearby_all,0,False,too_few_input_hits,0,0,,,0,0.0,,0,0.0,,[]
14,560,152.41116333007812,3.921794780845022,-2.401791376979442,0.1,2,0.25,nearby_all,0,False,too_few_input_hits,0,0,,,0,0.0,,0,0.0,,[]
14,560,152.41116333007812,3.921794780845022,-2.401791376979442,0.12,2,0.25,nearby_all,0,False,too_few_input_hits,0,0,,,0,0.0,,0,0.0,,[]
14,561,33.37899398803711,0.16917210063717303,2.3438389843785368,0.04,2,0.25,nearby_all,2012,True,,4,2,0.0009940357852882703,0.0,1987,54.81781290384788,0.0,1987,54.81781290384788,True,"[1987, 17, 4, 2]"
14,561,33.37899398803711,0.16917210063717303,2.3438389843785368,0.06,2,0.25,nearby_all,2012,True,,1,0,0.0,0.0,2012,55.15395469817122,0.0,2012,55.15395469817122,True,[2012]
14,561,33.37899398803711,0.16917210063717303,2.3438389843785368,0.08,2,0.25,nearby_all,2012,True,,1,0,0.0,0.0,2012,55.15395469817122,0.0,2012,55.15395469817122,True,[2012]
14,561,33.37899398803711,0.16917210063717303,2.3438389843785368,0.1,2,0.25,nearby_all,2012,True,,1,0,0.0,0.0,2012,55.15395469817122,0.0,2012,55.15395469817122,True,[2012]
14,561,33.37899398803711,0.16917210063717303,2.3438389843785368,0.12,2,0.25,nearby_all,2012,True,,1,0,0.0,0.0,2012,55.15395469817122,0.0,2012,55.15395469817122,True,[2012]
15,41,463.3952941894531,4.291504712632143,-1.1245544044305364,0.04,2,0.25,nearby_all,0,False,too_few_input_hits,0,0,,,0,0.0,,0,0.0,,[]
15,41,463.3952941894531,4.291504712632143,-1.1245544044305364,0.06,2,0.25,nearby_all,0,False,too_few_input_hits,0,0,,,0,0.0,,0,0.0,,[]
15,41,463.3952941894531,4.291504712632143,-1.1245544044305364,0.08,2,0.25,nearby_all,0,False,too_few_input_hits,0,0,,,0,0.0,,0,0.0,,[]
15,41,463.3952941894531,4.291504712632143,-1.1245544044305364,0.1,2,0.25,nearby_all,0,False,too_few_input_hits,0,0,,,0,0.0,,0,0.0,,[]
15,41,463.3952941894531,4.291504712632143,-1.1245544044305364,0.12,2,0.25,nearby_all,0,False,too_few_input_hits,0,0,,,0,0.0,,0,0.0,,[]
15,42,1996.8695068359375,5.75243807724181,2.0170384056007373,0.04,2,0.25,nearby_all,0,False,too_few_input_hits,0,0,,,0,0.0,,0,0.0,,[]
15,42,1996.8695068359375,5.75243807724181,2.0170384056007373,0.06,2,0.25,nearby_all,0,False,too_few_input_hits,0,0,,,0,0.0,,0,0.0,,[]
15,42,1996.8695068359375,5.75243807724181,2.0170384056007373,0.08,2,0.25,nearby_all,0,False,too_few_input_hits,0,0,,,0,0.0,,0,0.0,,[]
15,42,1996.8695068359375,5.75243807724181,2.0170384056007373,0.1,2,0.25,nearby_all,0,False,too_few_input_hits,0,0,,,0,0.0,,0,0.0,,[]
15,42,1996.8695068359375,5.75243807724181,2.0170384056007373,0.12,2,0.25,nearby_all,0,False,too_few_input_hits,0,0,,,0,0.0,,0,0.0,,[]
16,663,0.6737287640571594,-1.2059118457427138,-1.2195066411605346,0.04,2,0.25,nearby_all,1509,True,,3,0,0.0,0.0,1449,28.09518054552027,0.0,1449,28.09518054552027,True,"[1449, 52, 8]"
16,663,0.6737287640571594,-1.2059118457427138,-1.2195066411605346,0.06,2,0.25,nearby_all,1509,True,,1,0,0.0,0.0,1509,29.242772564126064,0.0,1509,29.242772564126064,True,[1509]
16,663,0.6737287640571594,-1.2059118457427138,-1.2195066411605346,0.08,2,0.25,nearby_all,1509,True,,1,0,0.0,0.0,1509,29.242772564126064,0.0,1509,29.242772564126064,True,[1509]
16,663,0.6737287640571594,-1.2059118457427138,-1.2195066411605346,0.1,2,0.25,nearby_all,1509,True,,1,0,0.0,0.0,1509,29.242772564126064,0.0,1509,29.242772564126064,True,[1509]
16,663,0.6737287640571594,-1.2059118457427138,-1.2195066411605346,0.12,2,0.25,nearby_all,1509,True,,1,0,0.0,0.0,1509,29.242772564126064,0.0,1509,29.242772564126064,True,[1509]
16,704,301.6650390625,2.650772263099465,1.9721041034684834,0.04,2,0.25,nearby_all,9932,True,,1,0,0.0,0.0,9932,485.20317886835664,0.0,9932,485.20317886835664,True,[9932]
16,704,301.6650390625,2.650772263099465,1.9721041034684834,0.06,2,0.25,nearby_all,9932,True,,1,0,0.0,0.0,9932,485.20317886835664,0.0,9932,485.20317886835664,True,[9932]
16,704,301.6650390625,2.650772263099465,1.9721041034684834,0.08,2,0.25,nearby_all,9932,True,,1,0,0.0,0.0,9932,485.20317886835664,0.0,9932,485.20317886835664,True,[9932]
16,704,301.6650390625,2.650772263099465,1.9721041034684834,0.1,2,0.25,nearby_all,9932,True,,1,0,0.0,0.0,9932,485.20317886835664,0.0,9932,485.20317886835664,True,[9932]
16,704,301.6650390625,2.650772263099465,1.9721041034684834,0.12,2,0.25,nearby_all,9932,True,,1,0,0.0,0.0,9932,485.20317886835664,0.0,9932,485.20317886835664,True,[9932]
16,705,405.91021728515625,2.4339615467028413,0.019340261260205882,0.04,2,0.25,nearby_all,12812,True,,1,0,0.0,0.0,12812,621.9148380713058,0.0,12812,621.9148380713058,True,[12812]
16,705,405.91021728515625,2.4339615467028413,0.019340261260205882,0.06,2,0.25,nearby_all,12812,True,,1,0,0.0,0.0,12812,621.9148380713058,0.0,12812,621.9148380713058,True,[12812]
16,705,405.91021728515625,2.4339615467028413,0.019340261260205882,0.08,2,0.25,nearby_all,12812,True,,1,0,0.0,0.0,12812,621.9148380713058,0.0,12812,621.9148380713058,True,[12812]
16,705,405.91021728515625,2.4339615467028413,0.019340261260205882,0.1,2,0.25,nearby_all,12812,True,,1,0,0.0,0.0,12812,621.9148380713058,0.0,12812,621.9148380713058,True,[12812]
16,705,405.91021728515625,2.4339615467028413,0.019340261260205882,0.12,2,0.25,nearby_all,12812,True,,1,0,0.0,0.0,12812,621.9148380713058,0.0,12812,621.9148380713058,True,[12812]
17,290,0.7790734767913818,0.11574403437870327,2.8205279555876035,0.04,2,0.25,nearby_all,1232,True,,4,2,0.0016233766233766235,0.0,1205,20.990077938677132,0.0,1205,20.990077938677132,True,"[1205, 3, 16, 6]"
17,290,0.7790734767913818,0.11574403437870327,2.8205279555876035,0.06,2,0.25,nearby_all,1232,True,,2,0,0.0,0.0,1229,21.364895405213247,0.0,1229,21.364895405213247,True,"[1229, 3]"
17,290,0.7790734767913818,0.11574403437870327,2.8205279555876035,0.08,2,0.25,nearby_all,1232,True,,1,0,0.0,0.0,1232,21.407219792536125,0.0,1232,21.407219792536125,True,[1232]
17,290,0.7790734767913818,0.11574403437870327,2.8205279555876035,0.1,2,0.25,nearby_all,1232,True,,1,0,0.0,0.0,1232,21.407219792536125,0.0,1232,21.407219792536125,True,[1232]
17,290,0.7790734767913818,0.11574403437870327,2.8205279555876035,0.12,2,0.25,nearby_all,1232,True,,1,0,0.0,0.0,1232,21.407219792536125,0.0,1232,21.407219792536125,True,[1232]
17,297,808.1326293945312,3.775625833879974,-1.9407142955186159,0.04,2,0.25,nearby_all,0,False,too_few_input_hits,0,0,,,0,0.0,,0,0.0,,[]
17,297,808.1326293945312,3.775625833879974,-1.9407142955186159,0.06,2,0.25,nearby_all,0,False,too_few_input_hits,0,0,,,0,0.0,,0,0.0,,[]
17,297,808.1326293945312,3.775625833879974,-1.9407142955186159,0.08,2,0.25,nearby_all,0,False,too_few_input_hits,0,0,,,0,0.0,,0,0.0,,[]
17,297,808.1326293945312,3.775625833879974,-1.9407142955186159,0.1,2,0.25,nearby_all,0,False,too_few_input_hits,0,0,,,0,0.0,,0,0.0,,[]
17,297,808.1326293945312,3.775625833879974,-1.9407142955186159,0.12,2,0.25,nearby_all,0,False,too_few_input_hits,0,0,,,0,0.0,,0,0.0,,[]
